Nombre,Apellido,Email,Teléfono
Luis,isLiu,luisli@gmail.com,+5423259905
Carmen,rmenCra,carmencr@gmail.com,+3423349230
Pedro,droPde,pedropd@gmail.com,+5923255560
Ana,aAan,anaaa@gmail.com,+54116406
Javier,vierJva,javierjv@gmail.com,+59112681
Edgar,garEgd,edgareg@gmail.com,+3423343008
Jacinto,cintoJca,jacintojc@gmail.com,+59119126
Tomas,masTmo,tomastm@gmail.com,+54111003
Damian,mianDma,damiandm@gmail.com,+54112434
Elena,enaEel,elenaee@gmail.com,+5423341185
Fabiola,biolaFba,fabiolafb@gmail.com,+34118451
Tania,niaTna,taniatn@gmail.com,+5423252123
Irina,inaIir,irinaii@gmail.com,+59115393
Cecilia,ciliaCce,ceciliacc@gmail.com,+54114916
Rosa,saRso,rosars@gmail.com,+3423255358
Fabricio,bricioFba,fabriciofb@gmail.com,+3423342822
Anabel,abelAan,anabelaa@gmail.com,+3423251042
Celia,liaCle,celiacl@gmail.com,+5923259154
